{
  "single_freq": {
    "FFT": 0.6996700433540511,
    "HT": 0.09696368957758084,
    "WF": 0.11235167882719048,
    "LNO": 0.051887051640764646,
    "I": 0.03912753660041275,
    "consistency": 0.9997250994965188,
    "explainability": 0.37737082786330567
  },
  "high_freq": {
    "FFT": 0.8419266706069986,
    "HT": 0.07472164973987462,
    "WF": 0.06771071853210801,
    "LNO": 0.015640961121018673,
    "I": 0.0,
    "consistency": 0.9989194087310506,
    "explainability": 0.635875636000527
  },
  "dual_freq": {
    "FFT": 0.5342455417156569,
    "HT": 0.11048678070655779,
    "WF": 0.27778734225914414,
    "LNO": 0.04999545084083042,
    "I": 0.027484884477810802,
    "consistency": 0.997378552846542,
    "explainability": 0.2651568939775272
  },
  "transient": {
    "FFT": 0.08559205546139712,
    "HT": 0.5907533644532318,
    "WF": 0.1440736068862524,
    "LNO": 0.1085336452639337,
    "I": 0.07104732793518499,
    "consistency": 0.9990399516379606,
    "explainability": 0.23614501636780516
  },
  "noisy": {
    "FFT": 0.09399344336868289,
    "HT": 0.12283897806394786,
    "WF": 0.37305919343776817,
    "LNO": 0.34443946219943783,
    "I": 0.06566892293016328,
    "consistency": 0.9978738313049544,
    "explainability": 0.1340992648160788
  },
  "multi_scale": {
    "FFT": 0.26133396573601736,
    "HT": 0.1402017954181827,
    "WF": 0.4477632662122978,
    "LNO": 0.09425515041379602,
    "I": 0.05644582221970616,
    "consistency": 0.9994941025479465,
    "explainability": 0.14828523127056947
  }
}